{
    "CircleChecker": {
        "0": false,
        "10": false,
        "11": false,
        "12": false,
        "13": false,
        "2": false,
        "3": false,
        "4": false,
        "5": false,
        "6": true,
        "7": false,
        "8": false,
        "9": false
    },
    "CircleErrorCheker": {
        "0": false,
        "10": false,
        "11": false,
        "12": false,
        "13": false,
        "2": false,
        "3": false,
        "4": false,
        "5": false,
        "6": false,
        "7": true,
        "8": false,
        "9": false
    },
    "ComandActualPoints": {
        "0": [
            0,
            0,
            0
        ],
        "11": [
            0,
            0,
            0
        ],
        "12": [
            -0.03448856249451637,
            -0.12060538679361343,
            1.1757417917251587
        ],
        "13": [
            0.3851732015609741,
            0.24553704261779785,
            0.3771887421607971
        ],
        "2": [
            1.1553404331207275,
            0.016864415258169174,
            -0.17272193729877472
        ],
        "3": [
            0.07231435924768448,
            1.0283870697021484,
            -0.10975650697946548
        ],
        "4": [
            -0.0324070006608963,
            -0.11850374937057495,
            1.1777831315994263
        ],
        "5": [
            0.3851732015609741,
            0.24553711712360382,
            0.37718868255615234
        ],
        "6": [
            0.3851732015609741,
            0.24553704261779785,
            0.3771887421607971
        ]
    },
    "ComentString": {
        "10": "COMMENT: 22",
        "9": "COMMENT: 22"
    },
    "CommandActualNormales": {
        "0": [
            0,
            0,
            0
        ],
        "11": [
            0,
            0,
            0
        ],
        "12": [
            0.5791752934455872,
            0.584760308265686,
            0.567988932132721
        ],
        "13": [
            0.5791752934455872,
            0.584760308265686,
            0.567988932132721
        ],
        "2": [
            -0.49220067262649536,
            0.5957704186439514,
            -0.6346621513366699
        ],
        "3": [
            -0.789564311504364,
            -0.4822002351284027,
            0.37956684827804565
        ],
        "4": [
            0.22703082859516144,
            0.8128786087036133,
            -0.5363631844520569
        ],
        "5": [
            0.5791752934455872,
            0.584760308265686,
            0.567988932132721
        ],
        "6": [
            0.5791752934455872,
            0.584760308265686,
            0.567988932132721
        ]
    },
    "CommandCircleActualRadius": {
        "6": 0.8164966106414795,
        "7": 0.8164966106414795
    },
    "CommandCircleCenter": {
        "6": [
            0.3333333134651184,
            0.3333333134651184,
            0.3333333432674408
        ]
    },
    "CommandCircleName": {
        "6": "CIRCLE1: POINT1 POINT2 POINT3"
    },
    "CommandCircleRadius": {
        "6": 0.8164966106414795,
        "7": 0.8164966106414795
    },
    "CommandCoords": {
    },
    "CommandMoveVector": {
    },
    "CommandNormales": {
        "0": [
            0,
            0,
            0
        ],
        "11": [
            0,
            0,
            0
        ],
        "12": [
            0.5773502588272095,
            0.5773502588272095,
            0.5773502588272095
        ],
        "13": [
            0.5773502588272095,
            0.5773502588272095,
            0.5773502588272095
        ],
        "2": [
            0,
            0,
            0
        ],
        "3": [
            0,
            0,
            0
        ],
        "4": [
            0,
            0,
            0
        ],
        "5": [
            0.5773502588272095,
            0.5773502588272095,
            0.5773502588272095
        ],
        "6": [
            0.5773502588272095,
            0.5773502588272095,
            0.5773502588272095
        ]
    },
    "CommandPlace": {
        "0": [
            0,
            0,
            0
        ],
        "5": [
            0.3333333134651184,
            0.3333333432674408,
            0.3333333432674408
        ]
    },
    "CommandPlaceName": {
        "5": "PLACE1 POINT1 POINT2 POINT3"
    },
    "CommandPointName": {
        "11": "POINT4",
        "12": "POINT4",
        "13": "POINT4",
        "2": "POINT1",
        "3": "POINT2",
        "4": "POINT3",
        "5": ""
    },
    "CommandPoints": {
        "0": [
            0,
            0,
            0
        ],
        "10": [
            0,
            0,
            0
        ],
        "11": [
            0,
            0,
            0
        ],
        "12": [
            -0.0324070006608963,
            -0.11850374937057495,
            1.1777831315994263
        ],
        "13": [
            0.3333333134651184,
            0.3333333134651184,
            0.3333333432674408
        ],
        "2": [
            1,
            0,
            0
        ],
        "3": [
            0,
            1,
            0
        ],
        "4": [
            0,
            0,
            1
        ],
        "5": [
            0.3333333134651184,
            0.3333333432674408,
            0.3333333432674408
        ],
        "6": [
            0.3333333134651184,
            0.3333333134651184,
            0.3333333432674408
        ],
        "7": [
            0,
            0,
            0
        ],
        "8": [
            0,
            0,
            0
        ],
        "9": [
            0,
            0,
            0
        ]
    },
    "CommentChecker": {
        "0": false,
        "10": true,
        "11": false,
        "12": false,
        "13": false,
        "2": false,
        "3": false,
        "4": false,
        "5": false,
        "6": false,
        "7": false,
        "8": false,
        "9": true
    },
    "CommentdBool": {
        "10": true,
        "9": false
    },
    "Dependence": {
        "11": [
        ],
        "12": [
            5,
            5,
            5,
            5
        ],
        "5": [
            2,
            3,
            4
        ],
        "6": [
            2,
            3,
            4,
            13
        ],
        "7": [
            6
        ],
        "8": [
            5
        ]
    },
    "ErrorName": {
        "7": "LOCATION1",
        "8": "LOCATION1 "
    },
    "MoveChecker": {
        "0": false,
        "10": false,
        "11": false,
        "12": false,
        "13": false,
        "2": false,
        "3": false,
        "4": false,
        "5": false,
        "6": false,
        "7": false,
        "8": false,
        "9": false
    },
    "PlaceChecker": {
        "0": false,
        "10": false,
        "11": false,
        "12": false,
        "13": false,
        "2": false,
        "3": false,
        "4": false,
        "5": true,
        "6": false,
        "7": false,
        "8": false,
        "9": false
    },
    "PointByCircleChecker": {
        "13": true
    },
    "PointByPlace": {
        "11": true,
        "12": true
    },
    "PointChecker": {
        "0": false,
        "10": false,
        "11": false,
        "12": false,
        "13": true,
        "2": true,
        "3": true,
        "4": true,
        "5": false,
        "6": false,
        "7": false,
        "8": false,
        "9": false
    },
    "PointErrorChecker": {
        "0": false,
        "10": false,
        "11": false,
        "12": false,
        "13": false,
        "2": false,
        "3": false,
        "4": false,
        "5": false,
        "6": false,
        "7": false,
        "8": true,
        "9": false
    },
    "PointErrors": {
        "7": 0.11099033802747726,
        "8": 0.11099027842283249
    },
    "RadiusErrors": {
        "7": 0
    }
}
